Occupation code,Occupation title,Level,Employment,Annual mean wage
00-0000,All Occupations,total,139099570,"$56,310"
11-0000,Management Occupations,major,7947300,"$126,480"
11-1000,Top Executives,minor,2601070,"$129,920"
11-1011,Chief Executives,detail,202360,"$197,840"
11-1021,General and Operations Managers,detail,2347420,"$125,740"
11-1031,Legislators,detail,51290,"$53,560"
11-2000,"Advertising, Marketing, Promotions, Public...",minor,763970,"$148,740"
11-2011,Advertising and Promotions Managers,detail,22490,"$147,560"
11-2020,Marketing and Sales Managers,broad,660380,"$150,400"
11-2021,Marketing Managers,detail,270200,"$154,470"
11-2022,Sales Managers,detail,390170,"$147,580"
11-2030,Public Relations and Fundraising Managers,broad,81110,"$135,580"
11-3000,Operations Specialties Managers,minor,2012370,"$138,590"
11-3010,Administrative Services and Facilities Man...,broad,307620,"$108,120"
11-3021,Computer and Information Systems Managers,detail,457290,"$161,730"
11-3031,Financial Managers,detail,653080,"$151,510"
11-3051,Industrial Production Managers,detail,179570,"$118,190"
11-3061,Purchasing Managers,detail,70960,"$132,660"
11-3071,"Transportation, Storage, and Distribution ...",detail,132210,"$105,100"
11-3111,Compensation and Benefits Managers,detail,16340,"$137,160"
11-3121,Human Resources Managers,detail,156600,"$134,580"
11-3131,Training and Development Managers,detail,38710,"$125,920"
11-9000,Other Management Occupations,minor,2569880,"$106,910"
11-9013,"Farmers, Ranchers, and Other Agricultural ...",detail,5670,"$76,810"
11-9021,Construction Managers,detail,285640,"$107,260"
11-9030,Education and Childcare Administrators,broad,493350,"$101,160"
11-9031,"Education and Childcare Administrators, Pr...",detail,46410,"$54,940"
11-9032,"Education Administrators, Kindergarten thr...",detail,262480,"$103,010"
11-9033,"Education Administrators, Postsecondary",detail,140880,"$115,200"
11-9039,"Education Administrators, All Other",detail,43580,"$93,830"
11-9041,Architectural and Engineering Managers,detail,195900,"$158,100"
11-9051,Food Service Managers,detail,197010,"$61,000"
11-9071,Gambling Managers,detail,3240,"$85,440"
11-9081,Lodging Managers,detail,31790,"$65,270"
11-9111,Medical and Health Services Managers,detail,402540,"$118,800"
11-9121,Natural Sciences Managers,detail,75870,"$154,930"
11-9131,Postmasters and Mail Superintendents,detail,13880,"$79,660"
11-9141,"Property, Real Estate, and Community Assoc...",detail,219800,"$73,210"
11-9151,Social and Community Service Managers,detail,155800,"$75,140"
11-9161,Emergency Management Directors,detail,10210,"$84,310"
11-9171,Funeral Home Managers,detail,10010,"$91,530"
11-9198,"Personal Service Managers, All Other; Ente...",detail,469160,"$123,980"
13-0000,Business and Financial Operations Occupati...,major,8387490,"$80,680"
13-1000,Business Operations Specialists,minor,5632020,"$78,320"
13-1011,"Agents and Business Managers of Artists, P...",detail,16240,"$98,070"
13-1020,Buyers and Purchasing Agents,broad,419920,"$72,370"
13-1030,"Claims Adjusters, Appraisers, Examiners, a...",broad,300380,"$70,560"
13-1031,"Claims Adjusters, Examiners, and Investiga...",detail,287150,"$70,650"
13-1032,"Insurance Appraisers, Auto Damage",detail,13220,"$68,540"
13-1041,Compliance Officers,detail,327360,"$75,620"
13-1051,Cost Estimators,detail,199360,"$72,960"
13-1070,Human Resources Workers,broad,718120,"$69,950"
13-1071,Human Resources Specialists,detail,647810,"$69,430"
13-1075,Labor Relations Specialists,detail,70050,"$74,870"
13-1081,Logisticians,detail,184230,"$79,830"
13-1111,Management Analysts,detail,734000,"$97,580"
13-1121,"Meeting, Convention, and Event Planners",detail,109800,"$55,890"
13-1131,Fundraisers,detail,82140,"$64,550"
13-1141,"Compensation, Benefits, and Job Analysis S...",detail,87870,"$72,610"
13-1151,Training and Development Specialists,detail,318040,"$67,440"
13-1161,Market Research Analysts and Marketing Spe...,detail,690160,"$73,970"
13-1198,Project Management Specialists and Busines...,detail,1444420,"$84,290"
13-2000,Financial Specialists,minor,2755470,"$85,510"
13-2011,Accountants and Auditors,detail,1274620,"$81,660"
13-2020,Property Appraisers and Assessors,broad,55990,"$65,630"
13-2031,Budget Analysts,detail,49260,"$82,690"
13-2041,Credit Analysts,detail,72090,"$86,170"
13-2052,Personal Financial Advisors,detail,218050,"$122,490"
13-2053,Insurance Underwriters,detail,101790,"$80,390"
13-2061,Financial Examiners,detail,68210,"$92,730"
13-2070,Credit Counselors and Loan Officers,broad,339470,"$74,490"
13-2071,Credit Counselors,detail,30770,"$49,940"
13-2072,Loan Officers,detail,308700,"$76,930"
13-2080,"Tax Examiners, Collectors and Preparers, a...",broad,115750,"$57,000"
13-2081,"Tax Examiners and Collectors, and Revenue ...",detail,53150,"$62,040"
13-2082,Tax Preparers,detail,62600,"$52,710"
13-2098,"Financial and Investment Analysts, Financi...",detail,460250,"$96,630"
15-0000,Computer and Mathematical Occupations,major,4587700,"$96,770"
15-1200,Computer Occupations,minor,4368000,"$96,630"
15-1210,Computer and Information Analysts,broad,712460,"$100,680"
15-1211,Computer Systems Analysts,detail,574450,"$99,020"
15-1212,Information Security Analysts,detail,138000,"$107,580"
15-1221,Computer and Information Research Scientists,detail,30220,"$130,890"
15-1230,Computer Support Specialists,broad,819040,"$60,160"
15-1231,Computer Network Support Specialists,detail,184220,"$71,040"
15-1232,Computer User Support Specialists,detail,634820,"$57,000"
15-1240,Database and Network Administrators and Ar...,broad,632540,"$99,420"
15-1241,Computer Network Architects,detail,159350,"$119,230"
15-1244,Network and Computer Systems Administrators,detail,339560,"$89,460"
15-1245,Database Administrators and Architects,detail,133630,"$101,090"
15-1250,"Software and Web Developers, Programmers, ...",broad,1811160,"$109,950"
15-1251,Computer Programmers,detail,178140,"$95,640"
15-1256,Software Developers and Software Quality A...,detail,1476800,"$114,270"
15-1257,Web Developers and Digital Interface Desig...,detail,156220,"$85,490"
15-1299,"Computer Occupations, All Other",detail,362580,"$96,740"
15-2000,Mathematical Science Occupations,minor,219700,"$99,700"
15-2011,Actuaries,detail,22480,"$123,180"
15-2021,Mathematicians,detail,2460,"$112,530"
15-2031,Operations Research Analysts,detail,96220,"$92,280"
15-2041,Statisticians,detail,38860,"$97,170"
15-2098,Data Scientists and Mathematical Science O...,detail,59680,"$103,930"
17-0000,Architecture and Engineering Occupations,major,2515040,"$90,300"
17-1000,"Architects, Surveyors, and Cartographers",minor,180930,"$82,030"
17-1010,"Architects, Except Naval",broad,124630,"$87,130"
17-1011,"Architects, Except Landscape and Naval",detail,103900,"$89,470"
17-1012,Landscape Architects,detail,20730,"$75,440"
17-1020,"Surveyors, Cartographers, and Photogrammet...",broad,56310,"$70,740"
17-1021,Cartographers and Photogrammetrists,detail,12600,"$72,420"
17-1022,Surveyors,detail,43710,"$70,260"
17-2000,Engineers,minor,1673440,"$102,500"
17-2011,Aerospace Engineers,detail,60630,"$121,110"
17-2021,Agricultural Engineers,detail,1440,"$101,620"
17-2031,Bioengineers and Biomedical Engineers,detail,18660,"$98,340"
17-2041,Chemical Engineers,detail,25770,"$114,820"
17-2051,Civil Engineers,detail,300850,"$95,440"
17-2061,Computer Hardware Engineers,detail,64710,"$126,140"
17-2070,Electrical and Electronics Engineers,broad,307540,"$108,510"
17-2071,Electrical Engineers,detail,185220,"$105,990"
17-2072,"Electronics Engineers, Except Computer",detail,122320,"$112,320"
17-2081,Environmental Engineers,detail,50260,"$96,890"
17-2110,"Industrial Engineers, Including Health and...",broad,313980,"$93,890"
17-2111,"Health and Safety Engineers, Except Mining...",detail,23780,"$97,330"
17-2112,Industrial Engineers,detail,290190,"$93,610"
17-2121,Marine Engineers and Naval Architects,detail,8700,"$99,590"
17-2131,Materials Engineers,detail,24740,"$100,550"
17-2141,Mechanical Engineers,detail,293960,"$95,560"
17-2151,"Mining and Geological Engineers, Including...",detail,6270,"$100,140"
17-2161,Nuclear Engineers,detail,15700,"$125,130"
17-2171,Petroleum Engineers,detail,27850,"$154,330"
17-2199,"Engineers, All Other",detail,152380,"$107,060"
17-3000,"Drafters, Engineering Technicians, and Map...",minor,660660,"$61,660"
17-3010,Drafters,broad,187670,"$60,390"
17-3011,Architectural and Civil Drafters,detail,99180,"$59,120"
17-3012,Electrical and Electronics Drafters,detail,23020,"$65,720"
17-3013,Mechanical Drafters,detail,51620,"$61,490"
17-3019,"Drafters, All Other",detail,13850,"$56,530"
17-3020,"Engineering Technologists and Technicians,...",broad,419620,"$63,740"
17-3021,Aerospace Engineering and Operations Techn...,detail,11900,"$70,680"
17-3022,Civil Engineering Technologists and Techni...,detail,67270,"$56,590"
17-3023,Electrical and Electronic Engineering Tech...,detail,115270,"$68,310"
17-3024,Electro-Mechanical and Mechatronics Techno...,detail,13160,"$62,800"
17-3025,Environmental Engineering Technologists an...,detail,17070,"$56,570"
17-3026,Industrial Engineering Technologists and T...,detail,62980,"$59,920"
17-3027,Mechanical Engineering Technologists and T...,detail,39880,"$60,880"
17-3031,Surveying and Mapping Technicians,detail,53370,"$49,770"
17-3098,Calibration Technologists and Technicians ...,detail,92100,"$67,640"
19-0000,"Life, Physical, and Social Science Occupat...",major,1296060,"$79,360"
19-1000,Life Scientists,minor,311840,"$91,710"
19-1010,Agricultural and Food Scientists,broad,29710,"$76,320"
19-1011,Animal Scientists,detail,2680,"$74,540"
19-1012,Food Scientists and Technologists,detail,13080,"$80,190"
19-1013,Soil and Plant Scientists,detail,13950,"$73,040"
19-1020,Biological Scientists,broad,110600,"$91,550"
19-1021,Biochemists and Biophysicists,detail,32010,"$104,810"
19-1022,Microbiologists,detail,19710,"$91,840"
19-1023,Zoologists and Wildlife Biologists,detail,17200,"$70,510"
19-1029,"Biological Scientists, All Other",detail,41680,"$89,910"
19-1030,Conservation Scientists and Foresters,broad,31380,"$68,120"
19-1031,Conservation Scientists,detail,22020,"$69,020"
19-1032,Foresters,detail,9360,"$66,000"
19-1040,Medical Scientists,broad,133620,"$100,780"
19-1041,Epidemiologists,detail,7500,"$83,620"
19-1042,"Medical Scientists, Except Epidemiologists",detail,126110,"$101,800"
19-1099,"Life Scientists, All Other",detail,6540,"$92,170"
19-2000,Physical Scientists,minor,255860,"$93,560"
19-2010,Astronomers and Physicists,broad,18080,"$136,480"
19-2011,Astronomers,detail,1910,"$126,250"
19-2012,Physicists,detail,16160,"$137,700"
19-2021,Atmospheric and Space Scientists,detail,10210,"$100,550"
19-2030,Chemists and Materials Scientists,broad,89860,"$87,800"
19-2031,Chemists,detail,82940,"$86,410"
19-2032,Materials Scientists,detail,6930,"$104,450"
19-2040,Environmental Scientists and Geoscientists,broad,118660,"$88,140"
19-2041,"Environmental Scientists and Specialists, ...",detail,84610,"$80,090"
19-2042,"Geoscientists, Except Hydrologists and Geo...",detail,27890,"$112,110"
19-2043,Hydrologists,detail,6170,"$90,150"
19-2099,"Physical Scientists, All Other",detail,19050,"$110,100"
19-3000,Social Scientists and Related Workers,minor,247580,"$90,150"
19-3011,Economists,detail,17520,"$120,880"
19-3022,Survey Researchers,detail,10350,"$66,960"
19-3030,Psychologists,broad,127070,"$90,710"
19-3031,"Clinical, Counseling, and School Psycholog...",detail,111320,"$89,290"
19-3032,Industrial-Organizational Psychologists,detail,780,"$112,690"
19-3039,"Psychologists, All Other",detail,14960,"$100,130"
19-3041,Sociologists,detail,2470,"$93,420"
19-3051,Urban and Regional Planners,detail,38190,"$79,410"
19-3090,Miscellaneous Social Scientists and Relate...,broad,51980,"$90,750"
19-3091,Anthropologists and Archeologists,detail,7180,"$69,960"
19-3092,Geographers,detail,1450,"$85,620"
19-3093,Historians,detail,2770,"$68,400"
19-3094,Political Scientists,detail,6010,"$124,100"
19-3099,"Social Scientists and Related Workers, All...",detail,34570,"$91,280"
19-4000,"Life, Physical, and Social Science Technic...",minor,363880,"$53,010"
19-4010,Agricultural and Food Science Technicians,broad,21940,"$45,920"
19-4021,Biological Technicians,detail,80640,"$49,490"
19-4031,Chemical Technicians,detail,63490,"$53,700"
19-4040,Environmental Science and Geoscience Techn...,broad,47440,"$54,300"
19-4042,Environmental Science and Protection Techn...,detail,31860,"$50,960"
19-4045,Geological and Hydrologic Technicians,detail,15580,"$61,130"
19-4051,Nuclear Technicians,detail,6160,"$83,810"
19-4061,Social Science Research Assistants,detail,35330,"$53,560"
19-4071,Forest and Conservation Technicians,detail,30150,"$42,780"
19-4090,"Miscellaneous Life, Physical, and Social S...",broad,78720,"$58,530"
19-4092,Forensic Science Technicians,detail,16640,"$64,890"
19-4099,"Life, Physical, and Social Science Technic...",detail,62080,"$56,830"
19-5010,Occupational Health and Safety Specialists...,broad,116910,"$74,480"
19-5011,Occupational Health and Safety Specialists,detail,95960,"$78,110"
19-5012,Occupational Health and Safety Technicians,detail,20950,"$57,870"
21-0000,Community and Social Service Occupations,major,2231070,"$52,180"
21-1000,"Counselors, Social Workers, and Other Comm...",minor,2150050,"$52,120"
21-1010,Counselors,broad,774270,"$54,780"
21-1012,"Educational, Guidance, and Career Counselo...",detail,292230,"$62,320"
21-1013,Marriage and Family Therapists,detail,60850,"$56,890"
21-1015,Rehabilitation Counselors,detail,100260,"$42,080"
21-1018,"Substance Abuse, Behavioral Disorder, and ...",detail,293620,"$51,550"
21-1019,"Counselors, All Other",detail,27310,"$50,800"
21-1020,Social Workers,broad,681400,"$55,950"
21-1021,"Child, Family, and School Social Workers",detail,328120,"$52,370"
21-1022,Healthcare Social Workers,detail,176110,"$60,470"
21-1023,Mental Health and Substance Abuse Social W...,detail,116780,"$54,540"
21-1029,"Social Workers, All Other",detail,60390,"$64,940"
21-1090,Miscellaneous Community and Social Service...,broad,694380,"$45,390"
21-1091,Health Education Specialists,detail,57920,"$62,120"
21-1092,Probation Officers and Correctional Treatm...,detail,90070,"$61,900"
21-1093,Social and Human Service Assistants,detail,399920,"$38,230"
21-1094,Community Health Workers,detail,58670,"$46,000"
21-1099,"Community and Social Service Specialists, ...",detail,87800,"$49,600"
21-2000,Religious Workers,minor,81020,"$53,790"
21-2011,Clergy,detail,52260,"$56,560"
21-2021,"Directors, Religious Activities and Educat...",detail,19860,"$52,660"
21-2099,"Religious Workers, All Other",detail,8900,"$40,070"
23-0000,Legal Occupations,major,1154740,"$112,320"
23-1000,"Lawyers, Judges, and Related Workers",minor,721750,"$144,970"
23-1010,Lawyers and Judicial Law Clerks,broad,672820,"$147,050"
23-1011,Lawyers,detail,658120,"$148,910"
23-1012,Judicial Law Clerks,detail,14690,"$63,860"
23-1020,"Judges, Magistrates, and Other Judicial Wo...",broad,48930,"$116,390"
23-1021,"Administrative Law Judges, Adjudicators, a...",detail,14570,"$102,050"
23-1022,"Arbitrators, Mediators, and Conciliators",detail,5810,"$76,440"
23-1023,"Judges, Magistrate Judges, and Magistrates",detail,28550,"$131,850"
23-2000,Legal Support Workers,minor,432990,"$57,890"
23-2011,Paralegals and Legal Assistants,detail,332720,"$56,610"
23-2090,Miscellaneous Legal Support Workers,broad,100270,"$62,150"
23-2093,"Title Examiners, Abstractors, and Searchers",detail,54960,"$52,950"
23-2099,"Legal Support Workers, All Other",detail,45310,"$73,320"
25-0000,Educational Instruction and Library Occupa...,major,8446910,"$59,810"
25-1000,Postsecondary Teachers,minor,1369930,"$93,330"
25-1011,"Business Teachers, Postsecondary",detail,79810,"$107,270"
25-1020,"Math and Computer Science Teachers, Postse...",broad,81780,"$91,450"
25-1021,"Computer Science Teachers, Postsecondary",detail,32230,"$98,680"
25-1022,"Mathematical Science Teachers, Postsecondary",detail,49550,"$86,760"
25-1030,"Engineering and Architecture Teachers, Pos...",broad,45430,"$112,110"
25-1031,"Architecture Teachers, Postsecondary",detail,6910,"$100,820"
25-1032,"Engineering Teachers, Postsecondary",detail,38520,"$114,130"
25-1040,"Life Sciences Teachers, Postsecondary",broad,61480,"$100,400"
25-1041,"Agricultural Sciences Teachers, Postsecond...",detail,8520,"$96,200"
25-1042,"Biological Science Teachers, Postsecondary",detail,51500,"$101,320"
25-1043,Forestry and Conservation Science Teachers...,detail,1460,"$92,420"
25-1050,"Physical Sciences Teachers, Postsecondary",broad,52810,"$98,580"
25-1051,"Atmospheric, Earth, Marine, and Space Scie...",detail,11750,"$104,710"
25-1052,"Chemistry Teachers, Postsecondary",detail,21530,"$94,630"
25-1053,"Environmental Science Teachers, Postsecond...",detail,5860,"$94,520"
25-1054,"Physics Teachers, Postsecondary",detail,13670,"$101,290"
25-1060,"Social Sciences Teachers, Postsecondary",broad,115040,"$94,270"
25-1061,"Anthropology and Archeology Teachers, Post...",detail,5590,"$98,740"
25-1062,"Area, Ethnic, and Cultural Studies Teacher...",detail,9960,"$88,790"
25-1063,"Economics Teachers, Postsecondary",detail,13080,"$123,720"
25-1064,"Geography Teachers, Postsecondary",detail,3720,"$87,160"
25-1065,"Political Science Teachers, Postsecondary",detail,15130,"$100,970"
25-1066,"Psychology Teachers, Postsecondary",detail,36520,"$89,960"
25-1067,"Sociology Teachers, Postsecondary",detail,13420,"$85,180"
25-1069,"Social Sciences Teachers, Postsecondary, A...",detail,17620,"$85,670"
25-1070,"Health Teachers, Postsecondary",broad,261130,"$115,330"
25-1071,"Health Specialties Teachers, Postsecondary",detail,200040,"$124,890"
25-1072,"Nursing Instructors and Teachers, Postseco...",detail,61100,"$84,060"
25-1080,"Education and Library Science Teachers, Po...",broad,61790,"$75,180"
25-1081,"Education Teachers, Postsecondary",detail,57560,"$75,010"
25-1082,"Library Science Teachers, Postsecondary",detail,4230,"$77,560"
25-1110,"Law, Criminal Justice, and Social Work Tea...",broad,42540,"$96,870"
25-1111,Criminal Justice and Law Enforcement Teach...,detail,14030,"$74,740"
25-1112,"Law Teachers, Postsecondary",detail,14930,"$134,760"
25-1113,"Social Work Teachers, Postsecondary",detail,13580,"$78,110"
25-1120,"Arts, Communications, History, and Humanit...",broad,250550,"$83,620"
25-1121,"Art, Drama, and Music Teachers, Postsecond...",detail,91170,"$84,780"
25-1122,"Communications Teachers, Postsecondary",detail,28430,"$80,940"
25-1123,"English Language and Literature Teachers, ...",detail,64800,"$81,340"
25-1124,"Foreign Language and Literature Teachers, ...",detail,22790,"$80,410"
25-1125,"History Teachers, Postsecondary",detail,20450,"$85,630"
25-1126,"Philosophy and Religion Teachers, Postseco...",detail,22900,"$90,160"
25-1190,Miscellaneous Postsecondary Teachers,broad,317580,"$77,650"
25-1192,"Family and Consumer Sciences Teachers, Pos...",detail,2270,"$81,580"
25-1193,"Recreation and Fitness Studies Teachers, P...",detail,14730,"$75,430"
25-1194,"Career/Technical Education Teachers, Posts...",detail,105830,"$61,710"
25-1199,"Postsecondary Teachers, All Other",detail,194740,"$86,430"
25-2000,"Preschool, Elementary, Middle, Secondary, ...",minor,3998620,"$63,100"
25-2010,Preschool and Kindergarten Teachers,broad,491020,"$42,570"
25-2011,"Preschool Teachers, Except Special Education",detail,370940,"$36,550"
25-2012,"Kindergarten Teachers, Except Special Educ...",detail,120080,"$61,170"
25-2020,Elementary and Middle School Teachers,broad,1976050,"$65,300"
25-2021,"Elementary School Teachers, Except Special...",detail,1364870,"$65,420"
25-2022,"Middle School Teachers, Except Special and...",detail,599520,"$64,990"
25-2023,"Career/Technical Education Teachers, Middl...",detail,11670,"$66,950"
25-2030,Secondary School Teachers,broad,1064540,"$67,240"
25-2031,"Secondary School Teachers, Except Special ...",detail,991000,"$67,340"
25-2032,"Career/Technical Education Teachers, Secon...",detail,73530,"$65,870"
25-2050,Special Education Teachers,broad,467020,"$65,920"
25-2051,"Special Education Teachers, Preschool",detail,20300,"$68,110"
25-2052,"Special Education Teachers, Kindergarten a...",detail,191170,"$64,790"
25-2057,"Special Education Teachers, Middle School",detail,80110,"$66,300"
25-2058,"Special Education Teachers, Secondary School",detail,142500,"$66,490"
25-2059,"Special Education Teachers, All Other",detail,32950,"$67,670"
25-3000,Other Teachers and Instructors,minor,1086850,"$43,520"
25-3011,"Adult Basic Education, Adult Secondary Edu...",detail,42910,"$59,810"
25-3021,Self-Enrichment Teachers,detail,222700,"$47,930"
25-3031,"Substitute Teachers, Short-Term",detail,512030,"$36,090"
25-3097,"Tutors and Teachers and Instructors, All O...",detail,309220,"$50,390"
25-4000,"Librarians, Curators, and Archivists",minor,254360,"$54,400"
25-4010,"Archivists, Curators, and Museum Technicians",broad,30230,"$56,960"
25-4011,Archivists,detail,6550,"$61,210"
25-4012,Curators,detail,11750,"$61,650"
25-4013,Museum Technicians and Conservators,detail,11930,"$49,990"
25-4022,Librarians and Media Collections Specialists,detail,135070,"$63,560"
25-4031,Library Technicians,detail,89070,"$39,630"
25-9000,Other Educational Instruction and Library ...,minor,1737130,"$36,790"
25-9021,Farm and Home Management Educators,detail,8090,"$54,870"
25-9031,Instructional Coordinators,detail,174900,"$70,160"
25-9040,Teaching Assistants,broad,1411590,"$31,500"
25-9044,"Teaching Assistants, Postsecondary",detail,138740,"$39,460"
25-9045,"Teaching Assistants, Except Postsecondary",detail,1272840,"$30,630"
25-9099,Educational Instruction and Library Worker...,detail,142550,"$47,210"
27-0000,"Arts, Design, Entertainment, Sports, and M...",major,1857500,"$64,400"
27-1000,Art and Design Workers,minor,594670,"$59,150"
27-1010,Artists and Related Workers,broad,89800,"$93,530"
27-1011,Art Directors,detail,40950,"$114,490"
27-1012,Craft Artists,detail,4090,"$38,260"
27-1013,"Fine Artists, Including Painters, Sculptor...",detail,11070,"$65,020"
27-1014,Special Effects Artists and Animators,detail,26460,"$88,080"
27-1019,"Artists and Related Workers, All Other",detail,7220,"$69,650"
27-1020,Designers,broad,504880,"$53,030"
27-1021,Commercial and Industrial Designers,detail,30100,"$76,290"
27-1022,Fashion Designers,detail,21050,"$87,210"
27-1023,Floral Designers,detail,36810,"$30,670"
27-1024,Graphic Designers,detail,201440,"$58,370"
27-1025,Interior Designers,detail,59170,"$61,400"
27-1026,Merchandise Displayers and Window Trimmers,detail,134660,"$34,550"
27-1027,Set and Exhibit Designers,detail,10980,"$64,610"
27-1029,"Designers, All Other",detail,10680,"$71,340"
27-2000,"Entertainers and Performers, Sports and Re...",minor,465780,"$65,700"
27-2010,"Actors, Producers, and Directors",broad,163950,"$88,190"
27-2012,Producers and Directors,detail,119490,"$96,690"
27-2020,"Athletes, Coaches, Umpires, and Related Wo...",broad,233160,"$48,310"
27-2021,Athletes and Sports Competitors,detail,8380,"$94,740"
27-2022,Coaches and Scouts,detail,208180,"$47,100"
27-2023,"Umpires, Referees, and Other Sports Offici...",detail,16590,"$40,140"
27-2030,Dancers and Choreographers,broad,10950,"$52,110"
27-2032,Choreographers,detail,3580,"$52,000"
27-2041,Music Directors and Composers,detail,9200,"$65,720"
27-3000,Media and Communication Workers,minor,591650,"$70,180"
27-3011,Broadcast Announcers and Radio Disc Jockeys,detail,27290,"$57,300"
27-3023,"News Analysts, Reporters, and Journalists",detail,41580,"$66,000"
27-3031,Public Relations Specialists,detail,244550,"$71,940"
27-3040,Writers and Editors,broad,186490,"$76,270"
27-3041,Editors,detail,93370,"$73,910"
27-3042,Technical Writers,detail,48880,"$78,590"
27-3043,Writers and Authors,detail,44240,"$78,680"
27-3090,Miscellaneous Media and Communication Work...,broad,91740,"$58,840"
27-3091,Interpreters and Translators,detail,56920,"$58,140"
27-3092,Court Reporters and Simultaneous Captioners,detail,13880,"$66,710"
27-3099,"Media and Communication Workers, All Other",detail,20940,"$55,540"
27-4000,Media and Communication Equipment Workers,minor,205400,"$59,990"
27-4011,Audio and Video Technicians,detail,62360,"$53,390"
27-4012,Broadcast Technicians,detail,25960,"$49,250"
27-4014,Sound Engineering Technicians,detail,10870,"$67,210"
27-4021,Photographers,detail,41600,"$50,290"
27-4030,"Television, Video, and Film Camera Operato...",broad,42750,"$76,130"
27-4031,"Camera Operators, Television, Video, and F...",detail,20340,"$67,590"
27-4032,Film and Video Editors,detail,22410,"$83,880"
27-4098,Lighting Technicians and Media and Communi...,detail,21860,"$74,880"
29-0000,Healthcare Practitioners and Technical Occ...,major,8579180,"$85,900"
29-1000,Healthcare Diagnosing or Treating Practiti...,minor,5611620,"$105,220"
29-1011,Chiropractors,detail,34760,"$83,830"
29-1020,Dentists,broad,111210,"$186,300"
29-1021,"Dentists, General",detail,95920,"$180,830"
29-1022,Oral and Maxillofacial Surgeons,detail,4120,"$234,990"
29-1023,Orthodontists,detail,5040,"$237,990"
29-1024,Prosthodontists,detail,530,"$214,870"
29-1029,"Dentists, All Other Specialists",detail,5610,"$194,930"
29-1031,Dietitians and Nutritionists,detail,66330,"$64,150"
29-1041,Optometrists,detail,36690,"$125,440"
29-1051,Pharmacists,detail,315470,"$125,460"
29-1071,Physician Assistants,detail,125280,"$116,080"
29-1081,Podiatrists,detail,9710,"$151,110"
29-1120,Therapists,broad,684330,"$82,030"
29-1122,Occupational Therapists,detail,126610,"$87,480"
29-1123,Physical Therapists,detail,220870,"$91,680"
29-1124,Radiation Therapists,detail,17390,"$94,300"
29-1125,Recreational Therapists,detail,20080,"$51,260"
29-1126,Respiratory Therapists,detail,131890,"$65,640"
29-1127,Speech-Language Pathologists,detail,148450,"$83,240"
29-1128,Exercise Physiologists,detail,7330,"$54,020"
29-1129,"Therapists, All Other",detail,11710,"$62,090"
29-1131,Veterinarians,detail,73710,"$108,350"
29-1141,Registered Nurses,detail,2986500,"$80,010"
29-1151,Nurse Anesthetists,detail,41960,"$189,190"
29-1161,Nurse Midwives,detail,7120,"$115,540"
29-1171,Nurse Practitioners,detail,211280,"$114,510"
29-1181,Audiologists,detail,13300,"$89,230"
29-1211,Anesthesiologists,detail,28590,"$271,440"
29-1215,Family Medicine Physicians,detail,98590,"$214,370"
29-1216,General Internal Medicine Physicians,detail,50600,"$210,960"
29-1218,Obstetricians and Gynecologists,detail,18900,"$239,120"
29-1221,"Pediatricians, General",detail,27550,"$184,570"
29-1223,Psychiatrists,detail,25540,"$217,100"
29-1228,"Physicians, All Other; and Ophthalmologist...",detail,375390,"$218,850"
29-1248,"Surgeons, Except Ophthalmologists",detail,37900,"$251,650"
29-1290,Miscellaneous Healthcare Diagnosing or Tre...,broad,230900,"$81,060"
29-1292,Dental Hygienists,detail,194830,"$78,050"
29-1298,Acupuncturists and Healthcare Diagnosing o...,detail,36070,"$97,270"
29-2000,Health Technologists and Technicians,minor,2861180,"$48,990"
29-2010,Clinical Laboratory Technologists and Tech...,broad,326220,"$55,990"
29-2031,Cardiovascular Technologists and Technicians,detail,55980,"$60,940"
29-2032,Diagnostic Medical Sonographers,detail,73920,"$77,790"
29-2033,Nuclear Medicine Technologists,detail,17510,"$82,080"
29-2034,Radiologic Technologists and Technicians,detail,206720,"$64,840"
29-2035,Magnetic Resonance Imaging Technologists,detail,39270,"$75,960"
29-2040,Emergency Medical Technicians and Paramedics,broad,257700,"$40,370"
29-2050,Health Practitioner Support Technologists ...,broad,803920,"$38,970"
29-2051,Dietetic Technicians,detail,26430,"$32,920"
29-2052,Pharmacy Technicians,detail,415310,"$36,450"
29-2053,Psychiatric Technicians,detail,85330,"$38,080"
29-2055,Surgical Technologists,detail,107400,"$51,510"
29-2056,Veterinary Technologists and Technicians,detail,109490,"$37,860"
29-2057,Ophthalmic Medical Technicians,detail,59960,"$40,010"
29-2061,Licensed Practical and Licensed Vocational...,detail,676440,"$50,090"
29-2081,"Opticians, Dispensing",detail,68180,"$41,380"
29-2091,Orthotists and Prosthetists,detail,9550,"$74,120"
29-2092,Hearing Aid Specialists,detail,7770,"$54,630"
29-2098,"Medical Dosimetrists, Medical Records Spec...",detail,318010,"$48,270"
29-9000,Other Healthcare Practitioners and Technic...,minor,106380,"$59,280"
29-9091,Athletic Trainers,detail,27430,"$52,230"
29-9092,Genetic Counselors,detail,2280,"$89,710"
29-9098,"Health Information Technologists, Medical ...",detail,76670,"$60,900"
31-0000,Healthcare Support Occupations,major,6440880,"$32,250"
31-1100,Home Health and Personal Care Aides; and N...,minor,4677760,"$29,320"
31-1120,Home Health and Personal Care Aides,broad,3211590,"$28,060"
31-1130,"Nursing Assistants, Orderlies, and Psychia...",broad,1466170,"$32,090"
31-1131,Nursing Assistants,detail,1371050,"$32,050"
31-1132,Orderlies,detail,43570,"$31,780"
31-1133,Psychiatric Aides,detail,51550,"$33,300"
31-2000,Occupational Therapy and Physical Therapis...,minor,186900,"$52,400"
31-2010,Occupational Therapy Assistants and Aides,broad,48380,"$60,010"
31-2011,Occupational Therapy Assistants,detail,42750,"$63,420"
31-2012,Occupational Therapy Aides,detail,5630,"$34,160"
31-2020,Physical Therapist Assistants and Aides,broad,138520,"$49,750"
31-2021,Physical Therapist Assistants,detail,92740,"$59,440"
31-2022,Physical Therapist Aides,detail,45790,"$30,110"
31-9000,Other Healthcare Support Occupations,minor,1576220,"$38,540"
31-9011,Massage Therapists,detail,85040,"$47,350"
31-9090,Miscellaneous Healthcare Support Occupations,broad,1491180,"$38,030"
31-9091,Dental Assistants,detail,312140,"$42,310"
31-9092,Medical Assistants,detail,710200,"$36,930"
31-9093,Medical Equipment Preparers,detail,56870,"$41,070"
31-9094,Medical Transcriptionists,detail,49530,"$37,310"
31-9095,Pharmacy Aides,detail,38900,"$32,250"
31-9096,Veterinary Assistants and Laboratory Anima...,detail,98810,"$30,980"
31-9097,Phlebotomists,detail,128020,"$37,280"
31-9099,"Healthcare Support Workers, All Other",detail,96720,"$41,430"
33-0000,Protective Service Occupations,major,3351180,"$52,220"
33-1000,Supervisors of Protective Service Workers,minor,323580,"$79,080"
33-1010,First-Line Supervisors of Law Enforcement ...,broad,175730,"$88,190"
33-1011,First-Line Supervisors of Correctional Off...,detail,53420,"$67,600"
33-1012,First-Line Supervisors of Police and Detec...,detail,122310,"$97,180"
33-1021,First-Line Supervisors of Firefighting and...,detail,69000,"$83,170"
33-1090,"Miscellaneous First-Line Supervisors, Prot...",broad,78860,"$55,210"
33-2000,Firefighting and Prevention Workers,minor,328260,"$56,800"
33-2011,Firefighters,detail,311350,"$56,360"
33-2020,Fire Inspectors,broad,16920,"$65,010"
33-2021,Fire Inspectors and Investigators,detail,14010,"$67,680"
33-2022,Forest Fire Inspectors and Prevention Spec...,detail,2900,"$52,130"
33-3000,Law Enforcement Workers,minor,1203450,"$65,240"
33-3010,"Bailiffs, Correctional Officers, and Jailers",broad,423980,"$52,310"
33-3011,Bailiffs,detail,18120,"$51,730"
33-3012,Correctional Officers and Jailers,detail,405870,"$52,340"
33-3021,Detectives and Criminal Investigators,detail,105980,"$89,300"
33-3031,Fish and Game Wardens,detail,7230,"$57,810"
33-3041,Parking Enforcement Workers,detail,7560,"$44,870"
33-3050,Police Officers,broad,658700,"$70,010"
33-3051,Police and Sheriff's Patrol Officers,detail,654900,"$70,000"
33-3052,Transit and Railroad Police,detail,3800,"$71,000"
33-9000,Other Protective Service Workers,minor,1495880,"$34,940"
33-9011,Animal Control Workers,detail,11580,"$40,680"
33-9021,Private Detectives and Investigators,detail,32200,"$60,100"
33-9030,Security Guards and Gambling Surveillance ...,broad,1062740,"$34,410"
33-9031,Gambling Surveillance Officers and Gamblin...,detail,8340,"$39,910"
33-9032,Security Guards,detail,1054400,"$34,360"
33-9090,Miscellaneous Protective Service Workers,broad,389350,"$34,140"
33-9091,Crossing Guards and Flaggers,detail,85050,"$34,220"
33-9092,"Lifeguards, Ski Patrol, and Other Recreati...",detail,113150,"$27,050"
33-9093,Transportation Security Screeners,detail,46850,"$44,920"
33-9098,School Bus Monitors and Protective Service...,detail,144310,"$36,140"
35-0000,Food Preparation and Serving Related Occup...,major,11262850,"$27,650"
35-1010,Supervisors of Food Preparation and Servin...,broad,993030,"$40,010"
35-1011,Chefs and Head Cooks,detail,101490,"$58,740"
35-1012,First-Line Supervisors of Food Preparation...,detail,891540,"$37,880"
35-2000,Cooks and Food Preparation Workers,minor,2977730,"$27,820"
35-2010,Cooks,broad,2184130,"$28,180"
35-2011,"Cooks, Fast Food",detail,544420,"$24,300"
35-2012,"Cooks, Institution and Cafeteria",detail,387300,"$29,940"
35-2013,"Cooks, Private Household",detail,320,"$46,810"
35-2014,"Cooks, Restaurant",detail,1109650,"$29,530"
35-2015,"Cooks, Short Order",detail,123350,"$27,030"
35-2019,"Cooks, All Other",detail,19080,"$32,350"
35-2021,Food Preparation Workers,detail,793590,"$26,820"
35-3000,Food and Beverage Serving Workers,minor,6135730,"$25,930"
35-3011,Bartenders,detail,486720,"$28,910"
35-3023,Fast Food and Counter Workers,detail,3450120,"$24,540"
35-3031,Waiters and Waitresses,detail,1944240,"$27,470"
35-3041,"Food Servers, Nonrestaurant",detail,254650,"$27,460"
35-9000,Other Food Preparation and Serving Related...,minor,1156370,"$25,740"
35-9011,Dining Room and Cafeteria Attendants and B...,detail,374940,"$26,300"
35-9021,Dishwashers,detail,395660,"$25,600"
35-9031,"Hosts and Hostesses, Restaurant, Lounge, a...",detail,316700,"$24,800"
35-9099,Food Preparation and Serving Related Worke...,detail,69070,"$27,880"
37-0000,Building and Grounds Cleaning and Maintena...,major,4090370,"$32,760"
37-1010,First-Line Supervisors of Building and Gro...,broad,244990,"$49,110"
37-1011,First-Line Supervisors of Housekeeping and...,detail,141260,"$45,500"
37-1012,"First-Line Supervisors of Landscaping, Law...",detail,103730,"$54,040"
37-2000,Building Cleaning and Pest Control Workers,minor,2882710,"$30,760"
37-2010,Building Cleaning Workers,broad,2803150,"$30,490"
37-2011,"Janitors and Cleaners, Except Maids and Ho...",detail,1990510,"$31,410"
37-2012,Maids and Housekeeping Cleaners,detail,795590,"$28,010"
37-2019,"Building Cleaning Workers, All Other",detail,17050,"$38,860"
37-2021,Pest Control Workers,detail,79560,"$40,350"
37-3010,Grounds Maintenance Workers,broad,962670,"$34,590"
37-3011,Landscaping and Groundskeeping Workers,detail,872370,"$33,800"
37-3012,"Pesticide Handlers, Sprayers, and Applicat...",detail,23950,"$39,130"
37-3013,Tree Trimmers and Pruners,detail,52040,"$44,040"
37-3019,"Grounds Maintenance Workers, All Other",detail,14310,"$40,270"
39-0000,Personal Care and Service Occupations,major,2696340,"$32,610"
39-1000,Supervisors of Personal Care and Service W...,minor,193950,"$46,350"
39-1013,First-Line Supervisors of Gambling Service...,detail,19100,"$51,160"
39-1098,First-Line Supervisors of Personal Service...,detail,174860,"$45,820"
39-2000,Animal Care and Service Workers,minor,208540,"$29,060"
39-2011,Animal Trainers,detail,14880,"$37,950"
39-2021,Animal Caretakers,detail,193660,"$28,380"
39-3000,Entertainment Attendants and Related Workers,minor,450630,"$26,560"
39-3010,Gambling Services Workers,broad,83400,"$26,940"
39-3011,Gambling Dealers,detail,67330,"$26,110"
39-3012,Gambling and Sports Book Writers and Runners,detail,7500,"$27,130"
39-3019,"Gambling Service Workers, All Other",detail,8570,"$33,340"
39-3021,Motion Picture Projectionists,detail,2270,"$34,380"
39-3031,"Ushers, Lobby Attendants, and Ticket Takers",detail,95600,"$26,390"
39-3090,Miscellaneous Entertainment Attendants and...,broad,269370,"$26,430"
39-3091,Amusement and Recreation Attendants,detail,248190,"$25,610"
39-3092,Costume Attendants,detail,5750,"$51,780"
39-3093,"Locker Room, Coatroom, and Dressing Room A...",detail,11530,"$29,320"
39-3099,Entertainment Attendants and Related Worke...,detail,3900,"$32,580"
39-4011,Embalmers,detail,3860,"$50,220"
39-4021,Funeral Attendants,detail,32300,"$31,130"
39-4031,"Morticians, Undertakers, and Funeral Arran...",detail,24560,"$59,000"
39-5000,Personal Appearance Workers,minor,448020,"$33,460"
39-5010,"Barbers, Hairdressers, Hairstylists and Co...",broad,317290,"$32,990"
39-5011,Barbers,detail,14880,"$38,050"
39-5012,"Hairdressers, Hairstylists, and Cosmetolog...",detail,302410,"$32,740"
39-5090,Miscellaneous Personal Appearance Workers,broad,130730,"$34,580"
39-5091,"Makeup Artists, Theatrical and Performance",detail,2780,"$99,990"
39-5092,Manicurists and Pedicurists,detail,73010,"$29,010"
39-5093,Shampooers,detail,8310,"$24,320"
39-5094,Skincare Specialists,detail,46640,"$41,230"
39-6010,"Baggage Porters, Bellhops, and Concierges",broad,65240,"$32,580"
39-6011,Baggage Porters and Bellhops,detail,28440,"$29,060"
39-6012,Concierges,detail,36800,"$35,310"
39-7010,Tour and Travel Guides,broad,38030,"$32,200"
39-9011,Childcare Workers,detail,494360,"$26,790"
39-9030,Recreation and Fitness Workers,broad,573720,"$37,310"
39-9031,Exercise Trainers and Group Fitness Instru...,detail,248070,"$45,650"
39-9032,Recreation Workers,detail,325640,"$30,960"
39-9041,Residential Advisors,detail,102450,"$33,430"
39-9098,Crematory Operators and Personal Care and ...,detail,60650,"$30,330"
41-0000,Sales and Related Occupations,major,13120320,"$45,750"
41-1010,First-Line Supervisors of Sales Workers,broad,1303400,"$55,200"
41-1011,First-Line Supervisors of Retail Sales Wor...,detail,1063110,"$47,300"
41-1012,First-Line Supervisors of Non-Retail Sales...,detail,240290,"$90,120"
41-2000,Retail Sales Workers,minor,7628920,"$29,010"
41-2010,Cashiers,broad,3347090,"$25,730"
41-2011,Cashiers,detail,3333100,"$25,710"
41-2012,Gambling Change Persons and Booth Cashiers,detail,14000,"$29,110"
41-2020,Counter and Rental Clerks and Parts Salesp...,broad,622160,"$35,380"
41-2021,Counter and Rental Clerks,detail,368300,"$34,700"
41-2022,Parts Salespersons,detail,253870,"$36,350"
41-2031,Retail Salespersons,detail,3659670,"$30,940"
41-3000,"Sales Representatives, Services",minor,1992540,"$75,170"
41-3011,Advertising Sales Agents,detail,110040,"$68,040"
41-3021,Insurance Sales Agents,detail,409950,"$69,100"
41-3031,"Securities, Commodities, and Financial Ser...",detail,440300,"$96,540"
41-3041,Travel Agents,detail,55180,"$46,650"
41-3091,"Sales Representatives of Services, Except ...",detail,977070,"$70,490"
41-4010,"Sales Representatives, Wholesale and Manuf...",broad,1566820,"$78,310"
41-4011,"Sales Representatives, Wholesale and Manuf...",detail,288150,"$99,680"
41-4012,"Sales Representatives, Wholesale and Manuf...",detail,1278670,"$73,500"
41-9000,Other Sales and Related Workers,minor,628640,"$54,890"
41-9010,"Models, Demonstrators, and Product Promoters",broad,72340,"$37,630"
41-9011,Demonstrators and Product Promoters,detail,69990,"$37,080"
41-9012,Models,detail,2350,"$54,050"
41-9020,Real Estate Brokers and Sales Agents,broad,213350,"$66,890"
41-9021,Real Estate Brokers,detail,44610,"$81,630"
41-9022,Real Estate Sales Agents,detail,168740,"$62,990"
41-9031,Sales Engineers,detail,63780,"$117,270"
41-9041,Telemarketers,detail,117610,"$30,930"
41-9090,Miscellaneous Sales and Related Workers,broad,161550,"$39,590"
41-9091,"Door-to-Door Sales Workers, News and Stree...",detail,8360,"$36,740"
41-9099,"Sales and Related Workers, All Other",detail,153180,"$39,750"
43-0000,Office and Administrative Support Occupati...,major,18548360,"$42,390"
43-1011,First-Line Supervisors of Office and Admin...,detail,1427260,"$62,010"
43-2000,Communications Equipment Operators,minor,66960,"$35,050"
43-2011,"Switchboard Operators, Including Answering...",detail,59270,"$33,980"
43-2021,Telephone Operators,detail,4630,"$39,340"
43-2099,"Communications Equipment Operators, All Ot...",detail,3070,"$49,260"
43-3000,Financial Clerks,minor,2770580,"$41,920"
43-3011,Bill and Account Collectors,detail,222030,"$40,630"
43-3021,Billing and Posting Clerks,detail,445160,"$41,610"
43-3031,"Bookkeeping, Accounting, and Auditing Clerks",detail,1443940,"$44,100"
43-3041,Gambling Cage Workers,detail,10560,"$29,700"
43-3051,Payroll and Timekeeping Clerks,detail,133870,"$48,290"
43-3061,Procurement Clerks,detail,61000,"$45,400"
43-3071,Tellers,detail,423570,"$32,960"
43-3099,"Financial Clerks, All Other",detail,30470,"$46,310"
43-4000,Information and Record Clerks,minor,5480860,"$37,900"
43-4011,Brokerage Clerks,detail,44720,"$58,460"
43-4021,Correspondence Clerks,detail,6150,"$40,070"
43-4031,"Court, Municipal, and License Clerks",detail,156100,"$43,490"
43-4041,"Credit Authorizers, Checkers, and Clerks",detail,24600,"$43,580"
43-4051,Customer Service Representatives,detail,2833250,"$38,510"
43-4061,"Eligibility Interviewers, Government Progr...",detail,138820,"$47,990"
43-4071,File Clerks,detail,91560,"$36,140"
43-4081,"Hotel, Motel, and Resort Desk Clerks",detail,222550,"$26,900"
43-4111,"Interviewers, Except Eligibility and Loan",detail,173800,"$37,640"
43-4121,"Library Assistants, Clerical",detail,84560,"$30,740"
43-4131,Loan Interviewers and Clerks,detail,204100,"$42,780"
43-4141,New Accounts Clerks,detail,45250,"$39,870"
43-4151,Order Clerks,detail,119640,"$37,660"
43-4161,"Human Resources Assistants, Except Payroll...",detail,108470,"$44,170"
43-4171,Receptionists and Information Clerks,detail,968420,"$32,410"
43-4181,Reservation and Transportation Ticket Agen...,detail,110020,"$45,710"
43-4199,"Information and Record Clerks, All Other",detail,148870,"$43,880"
43-5000,"Material Recording, Scheduling, Dispatchin...",minor,2149050,"$44,930"
43-5011,Cargo and Freight Agents,detail,96510,"$47,170"
43-5021,Couriers and Messengers,detail,70700,"$33,010"
43-5030,Dispatchers,broad,281740,"$45,170"
43-5031,Public Safety Telecommunicators,detail,93290,"$45,800"
43-5032,"Dispatchers, Except Police, Fire, and Ambu...",detail,188450,"$44,860"
43-5041,"Meter Readers, Utilities",detail,26490,"$46,160"
43-5050,Postal Service Workers,broad,525920,"$52,500"
43-5051,Postal Service Clerks,detail,86950,"$51,200"
43-5052,Postal Service Mail Carriers,detail,333570,"$53,180"
43-5053,"Postal Service Mail Sorters, Processors, a...",detail,105400,"$51,440"
43-5061,"Production, Planning, and Expediting Clerks",detail,362090,"$52,000"
43-5071,"Shipping, Receiving, and Inventory Clerks",detail,727640,"$37,210"
43-5111,"Weighers, Measurers, Checkers, and Sampler...",detail,57960,"$38,080"
43-6010,Secretaries and Administrative Assistants,broad,3111790,"$44,800"
43-6011,Executive Secretaries and Executive Admini...,detail,503390,"$65,230"
43-6012,Legal Secretaries and Administrative Assis...,detail,160950,"$52,750"
43-6013,Medical Secretaries and Administrative Ass...,detail,597100,"$39,000"
43-6014,"Secretaries and Administrative Assistants,...",detail,1850360,"$40,420"
43-9000,Other Office and Administrative Support Wo...,minor,3541850,"$38,290"
43-9020,Data Entry and Information Processing Work...,broad,194440,"$37,350"
43-9021,Data Entry Keyers,detail,151520,"$35,850"
43-9022,Word Processors and Typists,detail,42920,"$42,630"
43-9031,Desktop Publishers,detail,7090,"$50,600"
43-9041,Insurance Claims and Policy Processing Cle...,detail,240740,"$45,070"
43-9051,"Mail Clerks and Mail Machine Operators, Ex...",detail,79310,"$33,700"
43-9061,"Office Clerks, General",detail,2788090,"$37,770"
43-9071,"Office Machine Operators, Except Computer",detail,40640,"$36,580"
43-9081,Proofreaders and Copy Markers,detail,6610,"$44,670"
43-9111,Statistical Assistants,detail,9320,"$52,120"
43-9199,"Office and Administrative Support Workers,...",detail,175600,"$39,340"
45-0000,"Farming, Fishing, and Forestry Occupations",major,478770,"$33,310"
45-1011,"First-Line Supervisors of Farming, Fishing...",detail,22640,"$54,420"
45-2000,Agricultural Workers,minor,409420,"$31,180"
45-2011,Agricultural Inspectors,detail,13450,"$48,620"
45-2021,Animal Breeders,detail,920,"$43,930"
45-2041,"Graders and Sorters, Agricultural Products",detail,28640,"$29,620"
45-2090,Miscellaneous Agricultural Workers,broad,366410,"$30,620"
45-2091,Agricultural Equipment Operators,detail,29220,"$34,070"
45-2092,"Farmworkers and Laborers, Crop, Nursery, a...",detail,293910,"$30,140"
45-2093,"Farmworkers, Farm, Ranch, and Aquacultural...",detail,36820,"$31,060"
45-2099,"Agricultural Workers, All Other",detail,6460,"$34,330"
45-4000,"Forest, Conservation, and Logging Workers",minor,44120,"$42,230"
45-4011,Forest and Conservation Workers,detail,6490,"$33,520"
45-4020,Logging Workers,broad,37630,"$43,740"
45-4021,Fallers,detail,4820,"$49,520"
45-4022,Logging Equipment Operators,detail,25560,"$43,570"
45-4023,Log Graders and Scalers,detail,3390,"$38,940"
45-4029,"Logging Workers, All Other",detail,3850,"$41,830"
47-0000,Construction and Extraction Occupations,major,5937830,"$53,940"
47-1011,First-Line Supervisors of Construction Tra...,detail,614080,"$72,990"
47-2000,Construction Trades Workers,minor,4430270,"$52,580"
47-2011,Boilermakers,detail,14020,"$67,430"
47-2020,"Brickmasons, Blockmasons, and Stonemasons",broad,71770,"$56,750"
47-2021,Brickmasons and Blockmasons,detail,59940,"$58,420"
47-2022,Stonemasons,detail,11830,"$48,290"
47-2031,Carpenters,detail,699300,"$54,200"
47-2040,"Carpet, Floor, and Tile Installers and Fin...",broad,82980,"$47,650"
47-2041,Carpet Installers,detail,23020,"$46,150"
47-2042,"Floor Layers, Except Carpet, Wood, and Har...",detail,16720,"$49,740"
47-2043,Floor Sanders and Finishers,detail,5100,"$41,400"
47-2044,Tile and Stone Setters,detail,38150,"$48,490"
47-2050,"Cement Masons, Concrete Finishers, and Ter...",broad,198550,"$49,490"
47-2051,Cement Masons and Concrete Finishers,detail,195580,"$49,390"
47-2053,Terrazzo Workers and Finishers,detail,2970,"$56,440"
47-2061,Construction Laborers,detail,971330,"$43,000"
47-2070,Construction Equipment Operators,broad,451250,"$54,540"
47-2071,"Paving, Surfacing, and Tamping Equipment O...",detail,44560,"$46,400"
47-2072,Pile Driver Operators,detail,3820,"$71,880"
47-2073,Operating Engineers and Other Construction...,detail,402870,"$55,280"
47-2080,"Drywall Installers, Ceiling Tile Installer...",broad,116010,"$53,360"
47-2081,Drywall and Ceiling Tile Installers,detail,99700,"$51,930"
47-2082,Tapers,detail,16320,"$62,140"
47-2111,Electricians,detail,656510,"$61,550"
47-2121,Glaziers,detail,52190,"$50,970"
47-2130,Insulation Workers,broad,60480,"$50,800"
47-2131,"Insulation Workers, Floor, Ceiling, and Wall",detail,32780,"$46,860"
47-2132,"Insulation Workers, Mechanical",detail,27700,"$55,470"
47-2140,Painters and Paperhangers,broad,220700,"$46,500"
47-2141,"Painters, Construction and Maintenance",detail,217880,"$46,460"
47-2142,Paperhangers,detail,2820,"$49,820"
47-2150,"Pipelayers, Plumbers, Pipefitters, and Ste...",broad,451390,"$59,890"
47-2151,Pipelayers,detail,33950,"$45,060"
47-2152,"Plumbers, Pipefitters, and Steamfitters",detail,417440,"$61,100"
47-2161,Plasterers and Stucco Masons,detail,25210,"$52,100"
47-2171,Reinforcing Iron and Rebar Workers,detail,18680,"$54,700"
47-2181,Roofers,detail,128680,"$47,010"
47-2211,Sheet Metal Workers,detail,128220,"$55,320"
47-2221,Structural Iron and Steel Workers,detail,71490,"$58,650"
47-2231,Solar Photovoltaic Installers,detail,11490,"$48,020"
47-3010,"Helpers, Construction Trades",broad,227710,"$35,640"
47-3011,"Helpers--Brickmasons, Blockmasons, Stonema...",detail,21410,"$40,190"
47-3012,Helpers--Carpenters,detail,30900,"$35,360"
47-3013,Helpers--Electricians,detail,73920,"$35,440"
47-3014,"Helpers--Painters, Paperhangers, Plasterer...",detail,9500,"$33,520"
47-3015,"Helpers--Pipelayers, Plumbers, Pipefitters...",detail,55740,"$34,990"
47-3016,Helpers--Roofers,detail,8390,"$35,080"
47-3019,"Helpers, Construction Trades, All Other",detail,27850,"$35,140"
47-4000,Other Construction and Related Workers,minor,438940,"$52,750"
47-4011,Construction and Building Inspectors,detail,113770,"$66,470"
47-4021,Elevator and Escalator Installers and Repa...,detail,24730,"$86,200"
47-4031,Fence Erectors,detail,27010,"$40,120"
47-4041,Hazardous Materials Removal Workers,detail,44010,"$49,170"
47-4051,Highway Maintenance Workers,detail,149890,"$43,200"
47-4061,Rail-Track Laying and Maintenance Equipmen...,detail,17590,"$57,430"
47-4071,Septic Tank Servicers and Sewer Pipe Clean...,detail,29880,"$43,930"
47-4090,Miscellaneous Construction and Related Wor...,broad,32050,"$44,180"
47-5000,Extraction Workers,minor,226840,"$49,520"
47-5010,"Derrick, Rotary Drill, and Service Unit Op...",broad,68840,"$53,670"
47-5011,"Derrick Operators, Oil and Gas",detail,9350,"$50,280"
47-5012,"Rotary Drill Operators, Oil and Gas",detail,15650,"$58,940"
47-5013,"Service Unit Operators, Oil and Gas",detail,43840,"$52,510"
47-5022,Excavating and Loading Machine and Draglin...,detail,40240,"$48,500"
47-5041,Continuous Mining Machine Operators,detail,14990,"$58,340"
47-5043,"Roof Bolters, Mining",detail,2080,"$61,900"
47-5044,"Loading and Moving Machine Operators, Unde...",detail,3520,"$56,100"
47-5051,"Rock Splitters, Quarry",detail,4640,"$38,430"
47-5071,"Roustabouts, Oil and Gas",detail,44710,"$42,160"
47-5081,Helpers--Extraction Workers,detail,12740,"$39,150"
47-5097,"Earth Drillers, Except Oil and Gas; and Ex...",detail,22540,"$51,040"
47-5098,Underground Mining Machine Operators and E...,detail,12540,"$53,730"
49-0000,"Installation, Maintenance, and Repair Occu...",major,5486930,"$52,360"
49-1011,"First-Line Supervisors of Mechanics, Insta...",detail,475000,"$73,100"
49-2000,Electrical and Electronic Equipment Mechan...,minor,526000,"$57,400"
49-2011,"Computer, Automated Teller, and Office Mac...",detail,91930,"$43,790"
49-2020,Radio and Telecommunications Equipment Ins...,broad,203730,"$61,900"
49-2021,"Radio, Cellular, and Tower Equipment Insta...",detail,13210,"$60,790"
49-2022,Telecommunications Equipment Installers an...,detail,190510,"$61,980"
49-2090,Miscellaneous Electrical and Electronic Eq...,broad,230350,"$58,850"
49-2091,Avionics Technicians,detail,21390,"$69,180"
49-2092,"Electric Motor, Power Tool, and Related Re...",detail,15380,"$49,250"
49-2093,Electrical and Electronics Installers and ...,detail,10390,"$70,440"
49-2094,"Electrical and Electronics Repairers, Comm...",detail,55200,"$63,350"
49-2095,"Electrical and Electronics Repairers, Powe...",detail,23070,"$83,150"
49-2096,Electronic Equipment Installers and Repair...,detail,10230,"$41,250"
49-2097,Audiovisual Equipment Installers and Repai...,detail,25760,"$44,850"
49-2098,Security and Fire Alarm Systems Installers,detail,68920,"$52,150"
49-3000,"Vehicle and Mobile Equipment Mechanics, In...",minor,1553160,"$49,420"
49-3011,Aircraft Mechanics and Service Technicians,detail,128300,"$69,040"
49-3020,Automotive Technicians and Repairers,broad,775710,"$47,060"
49-3021,Automotive Body and Related Repairers,detail,137120,"$49,430"
49-3022,Automotive Glass Installers and Repairers,detail,18490,"$39,660"
49-3023,Automotive Service Technicians and Mechanics,detail,620110,"$46,760"
49-3031,Bus and Truck Mechanics and Diesel Engine ...,detail,253010,"$52,090"
49-3040,Heavy Vehicle and Mobile Equipment Service...,broad,205720,"$55,110"
49-3041,Farm Equipment Mechanics and Service Techn...,detail,35720,"$45,350"
49-3042,"Mobile Heavy Equipment Mechanics, Except E...",detail,147680,"$57,000"
49-3043,Rail Car Repairers,detail,22310,"$58,250"
49-3050,Small Engine Mechanics,broad,65430,"$41,360"
49-3051,Motorboat Mechanics and Service Technicians,detail,20440,"$45,490"
49-3052,Motorcycle Mechanics,detail,13490,"$40,390"
49-3053,Outdoor Power Equipment and Other Small En...,detail,31500,"$39,090"
49-3090,Miscellaneous Vehicle and Mobile Equipment...,broad,124990,"$33,400"
49-3091,Bicycle Repairers,detail,11290,"$33,530"
49-3092,Recreational Vehicle Service Technicians,detail,15150,"$43,790"
49-3093,Tire Repairers and Changers,detail,98560,"$31,790"
49-9000,"Other Installation, Maintenance, and Repai...",minor,2932770,"$49,650"
49-9010,Control and Valve Installers and Repairers,broad,73340,"$57,120"
49-9011,Mechanical Door Repairers,detail,22680,"$45,350"
49-9012,Control and Valve Installers and Repairers...,detail,50660,"$62,400"
49-9021,"Heating, Air Conditioning, and Refrigerati...",detail,344020,"$53,410"
49-9031,Home Appliance Repairers,detail,27640,"$43,810"
49-9040,"Industrial Machinery Installation, Repair,...",broad,496380,"$56,790"
49-9041,Industrial Machinery Mechanics,detail,385980,"$57,350"
49-9043,"Maintenance Workers, Machinery",detail,65240,"$51,960"
49-9044,Millwrights,detail,44400,"$59,080"
49-9045,"Refractory Materials Repairers, Except Bri...",detail,760,"$55,080"
49-9050,Line Installers and Repairers,broad,237420,"$67,940"
49-9051,Electrical Power-Line Installers and Repai...,detail,114930,"$74,410"
49-9052,Telecommunications Line Installers and Rep...,detail,122480,"$61,860"
49-9060,Precision Instrument and Equipment Repairers,broad,71430,"$53,830"
49-9061,Camera and Photographic Equipment Repairers,detail,3320,"$42,740"
49-9062,Medical Equipment Repairers,detail,48510,"$55,090"
49-9063,Musical Instrument Repairers and Tuners,detail,7070,"$39,770"
49-9064,Watch and Clock Repairers,detail,2430,"$48,560"
49-9069,Precision Instrument and Equipment Repaire...,detail,10100,"$62,500"
49-9071,"Maintenance and Repair Workers, General",detail,1357630,"$43,790"
49-9081,Wind Turbine Service Technicians,detail,5860,"$59,340"
49-9090,"Miscellaneous Installation, Maintenance, a...",broad,319050,"$43,490"
49-9091,"Coin, Vending, and Amusement Machine Servi...",detail,25080,"$39,710"
49-9092,Commercial Divers,detail,3460,"$71,850"
49-9094,Locksmiths and Safe Repairers,detail,16180,"$46,240"
49-9095,Manufactured Building and Mobile Home Inst...,detail,2900,"$36,360"
49-9096,Riggers,detail,21700,"$53,020"
49-9097,Signal and Track Switch Repairers,detail,7250,"$75,970"
49-9098,"Helpers--Installation, Maintenance, and Re...",detail,91430,"$33,960"
49-9099,"Installation, Maintenance, and Repair Work...",detail,151050,"$46,160"
51-0000,Production Occupations,major,8519410,"$41,760"
51-1011,First-Line Supervisors of Production and O...,detail,599900,"$66,800"
51-2000,Assemblers and Fabricators,minor,1724470,"$37,550"
51-2011,"Aircraft Structure, Surfaces, Rigging, and...",detail,38460,"$55,510"
51-2020,"Electrical, Electronics, and Electromechan...",broad,296380,"$38,810"
51-2021,"Coil Winders, Tapers, and Finishers",detail,12580,"$40,280"
51-2028,"Electrical, Electronic, and Electromechani...",detail,283800,"$38,750"
51-2031,Engine and Other Machine Assemblers,detail,41510,"$47,190"
51-2041,Structural Metal Fabricators and Fitters,detail,69550,"$44,750"
51-2051,Fiberglass Laminators and Fabricators,detail,18800,"$38,280"
51-2061,Timing Device Assemblers and Adjusters,detail,1000,"$39,430"
51-2090,Miscellaneous Assemblers and Fabricators,broad,1258780,"$35,980"
51-3000,Food Processing Workers,minor,777500,"$32,640"
51-3011,Bakers,detail,168890,"$31,060"
51-3020,"Butchers and Other Meat, Poultry, and Fish...",broad,367970,"$32,370"
51-3021,Butchers and Meat Cutters,detail,142220,"$34,630"
51-3022,"Meat, Poultry, and Fish Cutters and Trimmers",detail,147760,"$30,800"
51-3023,Slaughterers and Meat Packers,detail,77980,"$31,210"
51-3090,Miscellaneous Food Processing Workers,broad,240640,"$34,170"
51-3091,"Food and Tobacco Roasting, Baking, and Dry...",detail,19010,"$35,370"
51-3092,Food Batchmakers,detail,153270,"$34,970"
51-3093,Food Cooking Machine Operators and Tenders,detail,26530,"$34,180"
51-3099,"Food Processing Workers, All Other",detail,41840,"$30,680"
51-4000,Metal Workers and Plastic Workers,minor,1691060,"$43,540"
51-4020,"Forming Machine Setters, Operators, and Te...",broad,117530,"$41,310"
51-4021,"Extruding and Drawing Machine Setters, Ope...",detail,69300,"$38,990"
51-4022,"Forging Machine Setters, Operators, and Te...",detail,13730,"$43,480"
51-4023,"Rolling Machine Setters, Operators, and Te...",detail,34500,"$45,110"
51-4030,"Machine Tool Cutting Setters, Operators, a...",broad,297430,"$39,500"
51-4031,"Cutting, Punching, and Press Machine Sette...",detail,179300,"$38,650"
51-4032,"Drilling and Boring Machine Tool Setters, ...",detail,9090,"$42,800"
51-4033,"Grinding, Lapping, Polishing, and Buffing ...",detail,69570,"$38,800"
51-4034,"Lathe and Turning Machine Tool Setters, Op...",detail,23710,"$43,100"
51-4035,"Milling and Planing Machine Setters, Opera...",detail,15760,"$44,920"
51-4041,Machinists,detail,360340,"$47,800"
51-4050,"Metal Furnace Operators, Tenders, Pourers,...",broad,22490,"$44,860"
51-4051,Metal-Refining Furnace Operators and Tenders,detail,15290,"$46,000"
51-4052,"Pourers and Casters, Metal",detail,7200,"$42,440"
51-4060,"Model Makers and Patternmakers, Metal and ...",broad,5800,"$54,630"
51-4061,"Model Makers, Metal and Plastic",detail,3400,"$58,180"
51-4062,"Patternmakers, Metal and Plastic",detail,2400,"$49,570"
51-4070,"Molders and Molding Machine Setters, Opera...",broad,171110,"$36,190"
51-4071,Foundry Mold and Coremakers,detail,16090,"$38,370"
51-4072,"Molding, Coremaking, and Casting Machine S...",detail,155020,"$35,960"
51-4081,"Multiple Machine Tool Setters, Operators, ...",detail,134660,"$39,800"
51-4111,Tool and Die Makers,detail,61190,"$55,520"
51-4120,"Welding, Soldering, and Brazing Workers",broad,430700,"$46,280"
51-4121,"Welders, Cutters, Solderers, and Brazers",detail,397550,"$46,690"
51-4122,"Welding, Soldering, and Brazing Machine Se...",detail,33150,"$41,320"
51-4190,Miscellaneous Metal Workers and Plastic Wo...,broad,89810,"$40,060"
51-4191,"Heat Treating Equipment Setters, Operators...",detail,16550,"$41,680"
51-4192,"Layout Workers, Metal and Plastic",detail,7570,"$50,980"
51-4193,"Plating Machine Setters, Operators, and Te...",detail,38470,"$36,950"
51-4194,"Tool Grinders, Filers, and Sharpeners",detail,6080,"$43,670"
51-4199,"Metal Workers and Plastic Workers, All Other",detail,21140,"$39,490"
51-5110,Printing Workers,broad,230720,"$39,890"
51-5111,Prepress Technicians and Workers,detail,28010,"$43,370"
51-5112,Printing Press Operators,detail,160270,"$40,200"
51-5113,Print Binding and Finishing Workers,detail,42450,"$36,430"
51-6000,"Textile, Apparel, and Furnishings Workers",minor,491520,"$29,920"
51-6011,Laundry and Dry-Cleaning Workers,detail,179890,"$26,600"
51-6021,"Pressers, Textile, Garment, and Related Ma...",detail,31980,"$26,050"
51-6031,Sewing Machine Operators,detail,116520,"$29,420"
51-6040,Shoe and Leather Workers,broad,11450,"$31,460"
51-6041,Shoe and Leather Workers and Repairers,detail,7380,"$31,480"
51-6042,Shoe Machine Operators and Tenders,detail,4080,"$31,430"
51-6050,"Tailors, Dressmakers, and Sewers",broad,24260,"$35,300"
51-6051,"Sewers, Hand",detail,3410,"$30,790"
51-6052,"Tailors, Dressmakers, and Custom Sewers",detail,20860,"$36,040"
51-6060,"Textile Machine Setters, Operators, and Te...",broad,64220,"$31,900"
51-6061,Textile Bleaching and Dyeing Machine Opera...,detail,7260,"$31,600"
51-6062,"Textile Cutting Machine Setters, Operators...",detail,12650,"$30,890"
51-6063,Textile Knitting and Weaving Machine Sette...,detail,18830,"$32,370"
51-6064,"Textile Winding, Twisting, and Drawing Out...",detail,25480,"$32,130"
51-6090,"Miscellaneous Textile, Apparel, and Furnis...",broad,63200,"$37,890"
51-6091,"Extruding and Forming Machine Setters, Ope...",detail,15840,"$39,170"
51-6092,Fabric and Apparel Patternmakers,detail,4670,"$57,880"
51-6093,Upholsterers,detail,26180,"$37,870"
51-6099,"Textile, Apparel, and Furnishings Workers,...",detail,16510,"$31,070"
51-7000,Woodworkers,minor,240750,"$35,850"
51-7011,Cabinetmakers and Bench Carpenters,detail,93300,"$38,900"
51-7021,Furniture Finishers,detail,15590,"$35,040"
51-7030,"Model Makers and Patternmakers, Wood",broad,990,"$62,250"
51-7031,"Model Makers, Wood",detail,800,"$62,600"
51-7032,"Patternmakers, Wood",detail,190,"$60,750"
51-7040,"Woodworking Machine Setters, Operators, an...",broad,123560,"$33,440"
51-7041,"Sawing Machine Setters, Operators, and Ten...",detail,48400,"$33,290"
51-7042,"Woodworking Machine Setters, Operators, an...",detail,75160,"$33,540"
51-7099,"Woodworkers, All Other",detail,7300,"$35,710"
51-8000,Plant and System Operators,minor,297000,"$65,490"
51-8010,"Power Plant Operators, Distributors, and D...",broad,48210,"$86,720"
51-8011,Nuclear Power Reactor Operators,detail,5310,"$104,470"
51-8012,Power Distributors and Dispatchers,detail,9940,"$93,260"
51-8013,Power Plant Operators,detail,32960,"$81,890"
51-8021,Stationary Engineers and Boiler Operators,detail,29550,"$68,170"
51-8031,Water and Wastewater Treatment Plant and S...,detail,119380,"$51,890"
51-8090,Miscellaneous Plant and System Operators,broad,99870,"$70,700"
51-8091,Chemical Plant and System Operators,detail,29710,"$65,460"
51-8092,Gas Plant Operators,detail,14990,"$73,290"
51-8093,"Petroleum Pump System Operators, Refinery ...",detail,40480,"$77,610"
51-8099,"Plant and System Operators, All Other",detail,14680,"$59,600"
51-9000,Other Production Occupations,minor,2466480,"$40,510"
51-9010,"Chemical Processing Machine Setters, Opera...",broad,141000,"$51,120"
51-9011,Chemical Equipment Operators and Tenders,detail,93060,"$53,330"
51-9012,"Separating, Filtering, Clarifying, Precipi...",detail,47930,"$46,850"
51-9020,"Crushing, Grinding, Polishing, Mixing, and...",broad,172710,"$40,110"
51-9021,"Crushing, Grinding, and Polishing Machine ...",detail,32460,"$41,290"
51-9022,"Grinding and Polishing Workers, Hand",detail,24050,"$34,380"
51-9023,"Mixing and Blending Machine Setters, Opera...",detail,116190,"$40,960"
51-9030,Cutting Workers,broad,60740,"$37,690"
51-9031,"Cutters and Trimmers, Hand",detail,7980,"$34,190"
51-9032,"Cutting and Slicing Machine Setters, Opera...",detail,52760,"$38,220"
51-9041,"Extruding, Forming, Pressing, and Compacti...",detail,63730,"$38,440"
51-9051,"Furnace, Kiln, Oven, Drier, and Kettle Ope...",detail,16880,"$41,910"
51-9061,"Inspectors, Testers, Sorters, Samplers, an...",detail,549200,"$44,580"
51-9071,Jewelers and Precious Stone and Metal Work...,detail,18650,"$48,050"
51-9080,Dental and Ophthalmic Laboratory Technicia...,broad,70650,"$42,130"
51-9081,Dental Laboratory Technicians,detail,30800,"$45,230"
51-9082,Medical Appliance Technicians,detail,13710,"$45,630"
51-9083,Ophthalmic Laboratory Technicians,detail,26140,"$36,640"
51-9111,Packaging and Filling Machine Operators an...,detail,370910,"$35,220"
51-9120,Painting Workers,broad,149370,"$41,770"
51-9123,"Painting, Coating, and Decorating Workers",detail,11860,"$37,540"
51-9124,"Coating, Painting, and Spraying Machine Se...",detail,137510,"$42,140"
51-9141,Semiconductor Processing Technicians,detail,31080,"$45,210"
51-9151,Photographic Process Workers and Processin...,detail,8880,"$39,390"
51-9160,Computer Numerically Controlled Tool Opera...,broad,174650,"$46,740"
51-9161,Computer Numerically Controlled Tool Opera...,detail,149120,"$44,300"
51-9162,Computer Numerically Controlled Tool Progr...,detail,25530,"$61,010"
51-9190,Miscellaneous Production Workers,broad,638030,"$35,660"
51-9191,Adhesive Bonding Machine Operators and Ten...,detail,12400,"$37,640"
51-9192,"Cleaning, Washing, and Metal Pickling Equi...",detail,14060,"$34,600"
51-9193,Cooling and Freezing Equipment Operators a...,detail,8020,"$39,610"
51-9194,Etchers and Engravers,detail,9490,"$35,230"
51-9195,"Molders, Shapers, and Casters, Except Meta...",detail,41660,"$37,370"
51-9196,"Paper Goods Machine Setters, Operators, an...",detail,99890,"$41,480"
51-9197,Tire Builders,detail,18820,"$45,980"
51-9198,Helpers--Production Workers,detail,239340,"$32,000"
51-9199,"Production Workers, All Other",detail,194360,"$35,620"
53-0000,Transportation and Material Moving Occupat...,major,12163360,"$39,680"
53-1040,First-Line Supervisors of Transportation a...,broad,487450,"$58,330"
53-1041,Aircraft Cargo Handling Supervisors,detail,10020,"$59,620"
53-1047,First-Line Supervisors of Transportation a...,detail,477430,"$58,300"
53-2000,Air Transportation Workers,minor,269710,"$111,420"
53-2010,Aircraft Pilots and Flight Engineers,broad,120670,"$163,480"
53-2011,"Airline Pilots, Copilots, and Flight Engin...",detail,83550,"$186,870"
53-2012,Commercial Pilots,detail,37120,"$110,830"
53-2020,Air Traffic Controllers and Airfield Opera...,broad,32780,"$105,120"
53-2021,Air Traffic Controllers,detail,22190,"$127,440"
53-2022,Airfield Operations Specialists,detail,10590,"$58,360"
53-2031,Flight Attendants,detail,116260,"$59,150"
53-3000,Motor Vehicle Operators,minor,3976410,"$42,770"
53-3011,"Ambulance Drivers and Attendants, Except E...",detail,14120,"$30,700"
53-3030,Driver/Sales Workers and Truck Drivers,broad,3148070,"$44,200"
53-3031,Driver/Sales Workers,detail,420890,"$31,870"
53-3032,Heavy and Tractor-Trailer Truck Drivers,detail,1797710,"$48,710"
53-3033,Light Truck Drivers,detail,929470,"$41,050"
53-3050,Passenger Vehicle Drivers,broad,762820,"$37,300"
53-3052,"Bus Drivers, Transit and Intercity",detail,162850,"$48,110"
53-3058,"Passenger Vehicle Drivers, Except Bus Driv...",detail,599980,"$34,360"
53-3099,"Motor Vehicle Operators, All Other",detail,51390,"$40,200"
53-4000,Rail Transportation Workers,minor,114040,"$65,360"
53-4010,Locomotive Engineers and Operators,broad,41690,"$68,960"
53-4011,Locomotive Engineers,detail,37110,"$70,660"
53-4013,"Rail Yard Engineers, Dinkey Operators, and...",detail,4580,"$55,200"
53-4022,"Railroad Brake, Signal, and Switch Operato...",detail,14630,"$55,890"
53-4031,Railroad Conductors and Yardmasters,detail,44920,"$65,440"
53-4041,Subway and Streetcar Operators,detail,11250,"$65,480"
53-4099,"Rail Transportation Workers, All Other",detail,1540,"$54,670"
53-5000,Water Transportation Workers,minor,63020,"$73,530"
53-5011,Sailors and Marine Oilers,detail,25570,"$55,680"
53-5020,Ship and Boat Captains and Operators,broad,29980,"$86,860"
53-5021,"Captains, Mates, and Pilots of Water Vessels",detail,27590,"$89,740"
53-5022,Motorboat Operators,detail,2380,"$53,500"
53-5031,Ship Engineers,detail,7480,"$81,110"
53-6000,Other Transportation Workers,minor,330830,"$34,970"
53-6011,Bridge and Lock Tenders,detail,3080,"$49,610"
53-6021,Parking Attendants,detail,123790,"$27,910"
53-6031,Automotive and Watercraft Service Attendants,detail,112750,"$28,150"
53-6041,Traffic Technicians,detail,7430,"$53,140"
53-6051,Transportation Inspectors,detail,27360,"$81,320"
53-6061,Passenger Attendants,detail,22990,"$30,410"
53-6098,Aircraft Service Attendants and Transporta...,detail,33430,"$43,920"
53-7000,Material Moving Workers,minor,6921900,"$33,290"
53-7011,Conveyor Operators and Tenders,detail,23160,"$37,540"
53-7021,Crane and Tower Operators,detail,44060,"$64,010"
53-7031,Dredge Operators,detail,1750,"$53,790"
53-7041,Hoist and Winch Operators,detail,4460,"$62,730"
53-7051,Industrial Truck and Tractor Operators,detail,640950,"$39,210"
53-7060,Laborers and Material Movers,broad,6021330,"$32,040"
53-7061,Cleaners of Vehicles and Equipment,detail,341660,"$29,400"
53-7062,"Laborers and Freight, Stock, and Material ...",detail,2805200,"$33,710"
53-7063,Machine Feeders and Offbearers,detail,64240,"$34,470"
53-7064,"Packers and Packagers, Hand",detail,599270,"$29,270"
53-7065,Stockers and Order Fillers,detail,2210960,"$31,010"
53-7070,Pumping Station Operators,broad,26430,"$57,500"
53-7071,Gas Compressor and Gas Pumping Station Ope...,detail,3800,"$63,770"
53-7072,"Pump Operators, Except Wellhead Pumpers",detail,10580,"$51,830"
53-7073,Wellhead Pumpers,detail,12050,"$60,500"
53-7081,Refuse and Recyclable Material Collectors,detail,120850,"$42,620"
53-7121,"Tank Car, Truck, and Ship Loaders",detail,12610,"$50,670"
53-7199,"Material Moving Workers, All Other",detail,26300,"$37,770"
